primary_key,input_street,input_zone,x,y,score,locator,matchAddress,standardizedAddress,addressGrid,message
F10-1505,1017 E 600 S,84790.0,272332.7204770021,4108859.3751986185,100.0,AddressPoints.AddressGrid,"1017 E 600 S, ST GEORGE",1017 east 600 south,ST GEORGE,
F10-3474,2261 Adams Avenue,84401.0,418885.1422126496,4564257.00010183,100.0,AddressPoints.AddressGrid,"2261 ADAMS AVE, OGDEN","2261 Adams Avenue, 84401",OGDEN,
F21-84240,978 E 12300 S,84020.0,426783.33087136387,4486594.788377448,100.0,Centerlines.StatewideRoads,"978 E 12300 S, Salt Lake City",978 east 12300 south,Salt Lake City,
F18-60214,3563 E Ranches Pkwy,84005.0,417171.3331425571,4468277.111544287,100.0,AddressPoints.AddressGrid,"3563 E RANCHES PKWY, EAGLE MOUNTAIN",3563 east ranches parkway,EAGLE MOUNTAIN,
F15-44861,670 W 400 N,84057.0,439537.1583647095,4461891.771257497,100.0,AddressPoints.AddressGrid,"670 W 400 N, OREM",670 west 400 north,OREM,
F21-88071,519 N Main Street,84660.0,444155.40803686134,4440893.309827356,100.0,AddressPoints.AddressGrid,"519 N MAIN ST, SPANISH FORK",519 north main street,SPANISH FORK,
F10-26823,195 N 100 E,84003.0,432401.39003142284,4470333.459161792,100.0,AddressPoints.AddressGrid,"195 N 100 E, AMERICAN FORK",195 north 100 east,AMERICAN FORK,
F10-16660,153 N 300 E,84003.0,432846.8421647112,4470244.38747652,100.0,AddressPoints.AddressGrid,"153 N 300 E, AMERICAN FORK",153 north 300 east,AMERICAN FORK,
F21-88061,620 E 1700 S,84015.0,414806.2705602518,4549079.550285786,100.0,AddressPoints.AddressGrid,"620 E 1700 S, CLEARFIELD",620 east 1700 south,CLEARFIELD,
F21-88060,5165 S 1500 W,84405.0,414797.16006668285,4558116.023080848,100.0,AddressPoints.AddressGrid,"5165 S 1500 W, OGDEN",5165 south 1500 west,OGDEN,
F19-72260,3755 W 4800 S,84067.0,410191.11940346076,4558842.432747606,100.0,AddressPoints.AddressGrid,"3755 W 4800 S, OGDEN",3755 west 4800 south,OGDEN,
F17-57819,7195 S Redwood Rd,84084.0,420624.87757438875,4497015.2491107695,100.0,AddressPoints.AddressGrid,"7195 S REDWOOD RD, SALT LAKE CITY",7195 south redwood road,SALT LAKE CITY,
F10-27086,360 E Center Street,84015.0,414440.7973202462,4551877.63238691,100.0,AddressPoints.AddressGrid,"360 E CENTER ST, CLEARFIELD",360 east center street,CLEARFIELD,
F10-28758,7172 S Center Park Drive,84084.0,416589.73675600626,4497164.318089204,100.0,AddressPoints.AddressGrid,"7172 S CENTER PARK DR, SALT LAKE CITY",7172 south center park drive,SALT LAKE CITY,
F10-14539,6006 S 300 W,84107.0,423984.5378707128,4499206.981272414,100.0,AddressPoints.AddressGrid,"6006 S 300 W, SALT LAKE CITY",6006 south 300 west,SALT LAKE CITY,
F10-3762,3672 S Redwood Road,84119.0,420530.9427345492,4505014.892714396,100.0,AddressPoints.AddressGrid,"3672 S REDWOOD RD, SALT LAKE CITY",3672 south redwood road,SALT LAKE CITY,
F14-37234,12523 S 4150 W,84065.0,416218.5920229987,4486346.180663848,100.0,AddressPoints.AddressGrid,"12523 S 4150 W, SALT LAKE CITY",12523 south 4150 west,SALT LAKE CITY,
F10-28736,724 W Shields Lane,84095.0,422873.2874291359,4491609.3077422725,100.0,AddressPoints.AddressGrid,"724 W SHIELDS LN, SALT LAKE CITY",724 west shields lane,SALT LAKE CITY,
F10-27098,3424 S 3600 W,84119.0,417379.0231526685,4505677.513645449,100.0,AddressPoints.AddressGrid,"3424 S 3600 W, SALT LAKE CITY",3424 south 3600 west,SALT LAKE CITY,
F18-65796,1821 N Redwood Rd,84045.0,422012.6083982461,4472102.262972861,100.0,AddressPoints.AddressGrid,"1821 N REDWOOD RD, SARATOGA SPRINGS",1821 north redwood road,SARATOGA SPRINGS,
F10-1190,1026 E 460 S,84606.0,445477.0404807468,4453168.277704022,100.0,AddressPoints.AddressGrid,"1026 E 460 S, PROVO",1026 east 460 south,PROVO,
F14-38244,1515 W 2200 S,84119.0,421069.05243372795,4508454.412196176,100.0,AddressPoints.AddressGrid,"1515 W 2200 S, SALT LAKE CITY",1515 west 2200 south,SALT LAKE CITY,
F18-67763,723 W Columbia Lane,84604.0,442895.8476835375,4455982.0837533455,100.0,AddressPoints.AddressGrid,"723 W COLUMBIA LN, PROVO",723 west columbia lane,PROVO,
F10-3635,4708 S 200 W,84107.0,415300.97461007314,4514116.249511557,92.43,Centerlines.StatewideRoads,"4708 W 200 N, Salt Lake City",4708 south 200 west,Salt Lake City,
F15-40996,2024 Sidewinder Dr.,84060.0,458116.4587602523,4501641.735350031,100.0,AddressPoints.AddressGrid,"2024 SIDEWINDER DR, PARK CITY",2024 sidewinder drive,PARK CITY,
F17-56856,2180 Sidewinder Dr,84060.0,458279.10783051327,4501613.138213566,100.0,AddressPoints.AddressGrid,"2180 SIDEWINDER DR, PARK CITY",2180 sidewinder drive,PARK CITY,
F10-1188,9565 S Highland Drive,84092.0,429472.6223873749,4492201.478037817,100.0,AddressPoints.AddressGrid,"9565 S HIGHLAND DR, SALT LAKE CITY",9565 south highland drive,SALT LAKE CITY,
F17-59345,12894 S Pony Express Road,84020.0,424287.4877023428,4485520.092997377,100.0,AddressPoints.AddressGrid,"12894 S PONY EXPRESS RD, SALT LAKE CITY",12894 south pony express road,SALT LAKE CITY,
F15-43035,2650 S Decker Lake Ln #2,84119.0,420265.4082833977,4507242.610082305,100.0,AddressPoints.AddressGrid,"2650 S DECKER LAKE LN, SALT LAKE CITY",2650 south decker lake lane,SALT LAKE CITY,
F20-80240,455 W Center Street,84010.0,424917.37261037313,4526831.803568595,100.0,AddressPoints.AddressGrid,"455 W CENTER ST, BOUNTIFUL",455 west center street,BOUNTIFUL,
F12-31734,575 N Main Street,84032.0,464992.0446977391,4485070.34223644,100.0,AddressPoints.AddressGrid,"575 N MAIN ST, HEBER CITY",575 north main street,HEBER CITY,
F10-3837,140 E 5600 S,84107.0,425006.9881807125,4500178.33369754,100.0,AddressPoints.AddressGrid,"140 E 5600 S, SALT LAKE CITY",140 east 5600 south,SALT LAKE CITY,
F18-67900,288 E 400 N,84074.0,390743.63988546195,4488295.297837345,100.0,AddressPoints.AddressGrid,"288 E 400 N, TOOELE",288 east 400 north,TOOELE,
F20-77761,357 W 910 S,84032.0,464421.9540620225,4482878.578959992,100.0,AddressPoints.AddressGrid,"357 W 910 S, HEBER CITY",357 west 910 south,HEBER CITY,
F10-28008,2145 W 5400 S,84118.0,419910.4800833346,4500650.461253566,100.0,AddressPoints.AddressGrid,"2145 W 5400 S, SALT LAKE CITY",2145 west 5400 south,SALT LAKE CITY,
F18-60657,6141 S Redwood Rd,84123.0,420650.9035103464,4499204.4913409855,100.0,AddressPoints.AddressGrid,"6141 S REDWOOD RD, SALT LAKE CITY",6141 south redwood road,SALT LAKE CITY,
F13-37076,573 N 1000 W,84015.0,412223.1487721336,4552819.738100268,100.0,AddressPoints.AddressGrid,"573 N 1000 W, CLEARFIELD",573 north 1000 west,CLEARFIELD,
F10-28804,446 S Mall Drive,84790.0,274374.25956575724,4108986.799415097,100.0,AddressPoints.AddressGrid,"446 S MALL DR, ST GEORGE",446 south mall drive,ST GEORGE,
F10-27888,3337 W 6200 S,84129.0,417929.4335186625,4499065.860639885,100.0,AddressPoints.AddressGrid,"3337 W 6200 S, SALT LAKE CITY",3337 west 6200 south,SALT LAKE CITY,
F10-427,410 E 1250 N,84341.0,431495.90377903776,4620679.52780685,90.92,Centerlines.StatewideRoads,"410 E BOULEVARD, Logan",410 east 1250 north,Logan,
F10-10826,290 S 1500 E #115,84112.0,428388.5117790105,4512811.713442046,100.0,AddressPoints.AddressGrid,"290 S 1500 E, SALT LAKE CITY",290 south 1500 east,SALT LAKE CITY,
F11-30455,11274 Kestrel Rise Road,84095.0,415126.5522176849,4488893.1031254595,100.0,AddressPoints.AddressGrid,"11274 KESTREL RISE RD, SALT LAKE CITY","11274 Kestrel Rise Road, 84095",SALT LAKE CITY,
F21-87744,3443 W 12600 S,84065.0,417568.91908449767,4486143.788217645,100.0,AddressPoints.AddressGrid,"3443 W 12600 S, SALT LAKE CITY",3443 west 12600 south,SALT LAKE CITY,
F10-3847,968 E Sugarmont Drive,84106.0,427086.56295650895,4508307.364130739,100.0,AddressPoints.AddressGrid,"968 E SUGARMONT DR, SALT LAKE CITY",968 east sugarmont drive,SALT LAKE CITY,
F20-81480,1164 N 1210 W,84770.0,268235.4093109459,4112299.5465775062,100.0,AddressPoints.AddressGrid,"1164 N 1210 W, ST GEORGE",1164 north 1210 west,ST GEORGE,
F18-62234,475 E Tabernacle St,84770.0,271349.7964903467,4110002.5046531716,100.0,AddressPoints.AddressGrid,"475 E TABERNACLE ST, ST GEORGE",475 east tabernacle street,ST GEORGE,
F20-77306,365 N 200 W,84010.0,425343.49168668827,4527282.229790727,100.0,AddressPoints.AddressGrid,"365 N 200 W, BOUNTIFUL",365 north 200 west,BOUNTIFUL,
F10-4273,"419 Wakara Way, Suite 100",84108.0,430104.0520962969,4512363.9097369965,100.0,AddressPoints.AddressGrid,"419 WAKARA WAY, SALT LAKE CITY",419 wakara way,SALT LAKE CITY,
F16-54615,779 W Colesium Way,84047.0,422778.18878075096,4496797.280061475,97.01,AddressPoints.AddressGrid,"779 W COLISEUM WAY, SALT LAKE CITY",779 west colesium way,SALT LAKE CITY,
F21-85900,25 S Rio Grande Street,84101.0,423719.66018742416,4513385.700043928,100.0,AddressPoints.AddressGrid,"25 S RIO GRANDE ST, SALT LAKE CITY",25 south rio grande street,SALT LAKE CITY,
F18-64315,389 S 1300 W,84062.0,435573.29259452247,4467957.402231354,100.0,AddressPoints.AddressGrid,"389 S 1300 W, PLEASANT GROVE",389 south 1300 west,PLEASANT GROVE,
F18-61155,1325 W 2200 S,84119.0,421427.2098387734,4508470.313952381,100.0,AddressPoints.AddressGrid,"1325 W 2200 S, SALT LAKE CITY",1325 west 2200 south,SALT LAKE CITY,
F20-76242,412 N 600 W,84770.0,269376.8234283486,4110830.1949740443,100.0,AddressPoints.AddressGrid,"412 N 600 W, ST GEORGE",412 north 600 west,ST GEORGE,
F20-81540,9135 W Magna Main St,84044.0,406322.1126578242,4507245.722186009,100.0,AddressPoints.AddressGrid,"9135 W MAGNA MAIN ST, SALT LAKE CITY",9135 west magna main street,SALT LAKE CITY,
F10-27738,2279 N Wedgewood Lane,84720.0,319113.43101950054,4176590.7141943984,100.0,AddressPoints.AddressGrid,"2279 N WEDGEWOOD LN, CEDAR CITY",2279 north wedgewood lane,CEDAR CITY,
F10-15691,595 N 500 W,84087.0,424816.2408166453,4527575.520536849,100.0,AddressPoints.AddressGrid,"595 N 500 W, BOUNTIFUL",595 north 500 west,BOUNTIFUL,
F21-87904,5218 S Redwood Road,84123.0,420604.88025461894,4501064.43322095,100.0,AddressPoints.AddressGrid,"5218 S REDWOOD RD, SALT LAKE CITY",5218 south redwood road,SALT LAKE CITY,
F17-58021,2700 W 5600 S,84067.0,412388.38801835827,4557273.434119623,100.0,AddressPoints.AddressGrid,"2700 W 5600 S, OGDEN",2700 west 5600 south,OGDEN,
F17-58020,868 S Main,84648.0,428280.9534653611,4394355.9183482,90.92,AddressPoints.AddressGrid,"868 S MAIN ST, NEPHI",868 south main,NEPHI,
F19-69329,2600 E 3900 S,84124.0,430921.64858455467,4504314.010635658,100.0,AddressPoints.AddressGrid,"2600 E 3900 S, SALT LAKE CITY",2600 east 3900 south,SALT LAKE CITY,
F10-8453,12 C Street,84103.0,425706.1472663582,4513581.568984486,100.0,AddressPoints.AddressGrid,"12 C ST, SALT LAKE CITY","12 C Street, 84103",SALT LAKE CITY,
F21-87865,146 E 13200 S,84020.0,424815.987633032,4484903.478124736,100.0,AddressPoints.AddressGrid,"146 E 13200 S, SALT LAKE CITY",146 east 13200 south,SALT LAKE CITY,
F21-87864,12956 S 2700 W,84065.0,418809.1217443373,4485455.692428543,100.0,AddressPoints.AddressGrid,"12956 S 2700 W, SALT LAKE CITY",12956 south 2700 west,SALT LAKE CITY,
F21-87863,2471 W 11400 S,84095.0,419281.54999550316,4488523.184044555,100.0,AddressPoints.AddressGrid,"2471 W 11400 S, SALT LAKE CITY",2471 west 11400 south,SALT LAKE CITY,
F10-27293,500 Chipeta Way,84108.0,430403.9208998586,4512220.06289717,100.0,AddressPoints.AddressGrid,"500 CHIPETA WAY, SALT LAKE CITY","500 Chipeta Way, 84108",SALT LAKE CITY,
F21-85460,288 N 1460 W,84120.0,421245.5114451852,4514302.189010485,100.0,AddressPoints.AddressGrid,"288 N 1460 W, SALT LAKE CITY",288 north 1460 west,SALT LAKE CITY,
F10-3634,615 S 300 E,84111.0,425571.498188643,4512017.522180203,100.0,AddressPoints.AddressGrid,"615 S 300 E, SALT LAKE CITY",615 south 300 east,SALT LAKE CITY,
F18-63274,7918 S Highland Drive,84121.0,429489.1814169297,4495479.417795894,100.0,AddressPoints.AddressGrid,"7918 S HIGHLAND DR, SALT LAKE CITY",7918 south highland drive,SALT LAKE CITY,
F10-11857,10750 South 1300 East,84094.0,427701.06150270405,4489832.67276943,100.0,AddressPoints.AddressGrid,"10750 S 1300 E, SALT LAKE CITY","10750 South 1300 East, 84094",SALT LAKE CITY,
F10-3629,160 9th Street,84404.0,418188.41114050377,4566831.261250867,100.0,AddressPoints.AddressGrid,"160 9TH ST, OGDEN","160 9th Street, 84404",OGDEN,
F10-3522,5820 Wasatch Drive,84403.0,421451.1508040233,4556650.693293551,100.0,AddressPoints.AddressGrid,"5820 WASATCH DR, OGDEN","5820 Wasatch Drive, 84403",OGDEN,
F10-3658,3534 Highland Drive,84106.0,428229.518204139,4505203.448967649,100.0,AddressPoints.AddressGrid,"3534 HIGHLAND DR, SALT LAKE CITY","3534 Highland Drive, 84106",SALT LAKE CITY,
F10-9792,4615 South Highland Drive,84117.0,429009.87979003217,4502523.113895482,100.0,AddressPoints.AddressGrid,"4615 S HIGHLAND DR, SALT LAKE CITY","4615 South Highland Drive, 84117",SALT LAKE CITY,
F10-8393,4547 S 4000 W,84120.0,416645.45706201997,4502732.907629339,100.0,AddressPoints.AddressGrid,"4547 S 4000 W, SALT LAKE CITY",4547 south 4000 west,SALT LAKE CITY,
F15-42741,2122 E Fort Union Blvd,84121.0,429772.9408562671,4497312.141518892,100.0,AddressPoints.AddressGrid,"2122 E FORT UNION BLVD, SALT LAKE CITY",2122 east fort union boulevard,SALT LAKE CITY,
F20-77440,409 N University Ave.,84601.0,443943.5329948154,4454525.569979668,100.0,AddressPoints.AddressGrid,"409 N UNIVERSITY AVE, PROVO",409 north university avenue,PROVO,
F20-80860,191 W River Park Drive,84604.0,443869.083497733,4461570.749659326,100.0,AddressPoints.AddressGrid,"191 W RIVER PARK DR, PROVO",191 west river park drive,PROVO,
F15-41834,110 W 500 S,84631.0,385033.4863411205,4312983.330412395,100.0,AddressPoints.AddressGrid,"110 W 500 S, FILLMORE",110 west 500 south,FILLMORE,
F10-28652,4881 S  1900 W,84067.0,413635.99948773417,4558521.828096919,100.0,AddressPoints.AddressGrid,"4881 S 1900 W, OGDEN",4881 south 1900 west,OGDEN,
F15-41798,3343 E 7800 S,84121.0,432348.1852920311,4495722.580678108,100.0,Centerlines.StatewideRoads,"3343 E 7800 S, Salt Lake City",3343 east 7800 south,Salt Lake City,
F21-85380,1260 E 8600 S,84094.0,427730.6612376312,4494064.921513715,100.0,AddressPoints.AddressGrid,"1260 E 8600 S, SALT LAKE CITY",1260 east 8600 south,SALT LAKE CITY,
F18-68440,1220 E Vine St,84121.0,427558.25800959824,4499182.588139108,100.0,AddressPoints.AddressGrid,"1220 E VINE ST, SALT LAKE CITY",1220 east vine street,SALT LAKE CITY,
F20-82540,665 E 7800 S,84047.0,426150.6619422359,4495815.138009008,100.0,AddressPoints.AddressGrid,"665 E 7800 S, SALT LAKE CITY",665 east 7800 south,SALT LAKE CITY,
F13-37077,13249 South Redwood Rd,84065.0,420605.07994891144,4484830.768228577,100.0,AddressPoints.AddressGrid,"13249 S REDWOOD RD, SALT LAKE CITY",13249 south redwood road,SALT LAKE CITY,
F21-87769,332 S 100 W,84651.0,437369.73159813404,4432392.7973381,100.0,AddressPoints.AddressGrid,"332 S 100 W, PAYSON",332 south 100 west,PAYSON,
F10-5966,8446 S Harrison Street,84047.0,423772.7686722792,4494524.281765867,100.0,AddressPoints.AddressGrid,"8446 S HARRISON ST, SALT LAKE CITY",8446 south harrison street,SALT LAKE CITY,
F17-58194,2890 E Cottonwood Parkway,84121.0,431487.85356904124,4498304.529075389,100.0,AddressPoints.AddressGrid,"2890 E COTTONWOOD PKWY, SALT LAKE CITY",2890 east cottonwood parkway,SALT LAKE CITY,
F10-4116,945 Country Ln,84765.0,266044.66745348764,4111910.545609905,100.0,AddressPoints.AddressGrid,"945 COUNTRY LN, SANTA CLARA",945 country lane,SANTA CLARA,
F18-64114,35 E 500 S,84111.0,424865.0532018487,4512357.189160562,100.0,AddressPoints.AddressGrid,"35 E 500 S, SALT LAKE CITY",35 east 500 south,SALT LAKE CITY,
F21-87800,5979 Fashion Blvd,84107.0,425365.1881034468,4499242.60859364,100.0,AddressPoints.AddressGrid,"5979 FASHION BLVD, SALT LAKE CITY",5979 fashion boulevard,SALT LAKE CITY,
F15-47114,2001 S State Street,84115.0,425035.8828119697,4508931.961133914,100.0,AddressPoints.AddressGrid,"2001 S STATE ST, SALT LAKE CITY",2001 south state street,SALT LAKE CITY,
F20-82541,3595 S 3600 W,84119.0,417476.6475154252,4505252.932797565,100.0,AddressPoints.AddressGrid,"3595 S 3600 W, SALT LAKE CITY",3595 south 3600 west,SALT LAKE CITY,
F15-43097,1110 W 3300 S,84119.0,422020.85190467775,4505860.4374353215,100.0,AddressPoints.AddressGrid,"1110 W 3300 S, SALT LAKE CITY",1110 west 3300 south,SALT LAKE CITY,
F10-26983,302 Chimes View Drive,84405.0,418308.2613157616,4560496.111857813,100.0,AddressPoints.AddressGrid,"302 CHIMES VIEW DR, OGDEN","302 Chimes View Drive, 84405",OGDEN,
F10-26793,2740 Rasmussen Road,84098.0,452522.64949232485,4510860.176705813,100.0,AddressPoints.AddressGrid,"2740 RASMUSSEN RD, PARK CITY","2740 Rasmussen Road, 84098",PARK CITY,
F17-56718,4428 Links Dr,84120.0,415760.4269482037,4507988.819462632,100.0,AddressPoints.AddressGrid,"4428 LINKS DR, SALT LAKE CITY",4428 links drive,SALT LAKE CITY,
F19-71722,49 W  300 N,84015.0,413760.4294860831,4552342.8195831515,100.0,AddressPoints.AddressGrid,"49 W 300 N, CLEARFIELD",49 west 300 north,CLEARFIELD,
F10-3933,2250 Deer Valley Drive S,84060.0,459559.5450755496,4498607.158339336,100.0,AddressPoints.AddressGrid,"2250 DEER VALLEY DR S, PARK CITY",2250 deer valley drive south,PARK CITY,
F10-28807,640 W 1100 S,84404.0,416900.4895760434,4566509.070141353,100.0,AddressPoints.AddressGrid,"640 W 1100 S, OGDEN",640 west 1100 south,OGDEN,
F17-57794,243 Park Dr,84532.0,625824.0064077656,4270837.0063915355,100.0,AddressPoints.AddressGrid,"243 PARK DR, MOAB",243 park drive,MOAB,
F10-3632,2156 S 1000 E,84106.0,427112.74896229326,4508542.279384951,100.0,AddressPoints.AddressGrid,"2156 S 1000 E, SALT LAKE CITY",2156 south 1000 east,SALT LAKE CITY,
F10-3861,9310 S State Street,84070.0,424529.1288714583,4492771.070721952,100.0,AddressPoints.AddressGrid,"9310 S STATE ST, SALT LAKE CITY",9310 south state street,SALT LAKE CITY,
F12-32394,248 E 13800 S,84020.0,425168.90812356025,4483672.503236206,100.0,AddressPoints.AddressGrid,"248 E 13800 S, SALT LAKE CITY",248 east 13800 south,SALT LAKE CITY,
F21-87803,238 N Westview Drive,84720.0,313746.51233112847,4172690.1255729,100.0,AddressPoints.AddressGrid,"238 N WESTVIEW DR, CEDAR CITY",238 north westview drive,CEDAR CITY,
F21-87807,3435 Harrison Blvd,84405.0,420349.8378032933,4561486.803452021,100.0,AddressPoints.AddressGrid,"3435 HARRISON BLVD, OGDEN",3435 harrison boulevard,OGDEN,
F21-87808,1285 Monroe Blvd,84403.0,420107.1386962193,4566145.189224281,100.0,AddressPoints.AddressGrid,"1285 MONROE BLVD, OGDEN",1285 monroe boulevard,OGDEN,
F21-87806,3953 Pacific Ave,84405.0,417309.98851088237,4560492.019773399,100.0,AddressPoints.AddressGrid,"3953 PACIFIC AVE, OGDEN",3953 pacific avenue,OGDEN,
F21-87802,981 W Westridge Drive,84770.0,267605.18108253146,4111986.693665885,92.43,AddressPoints.AddressGrid,"981 N WESTRIDGE DR, ST GEORGE",981 west westridge drive,ST GEORGE,
F21-87805,386 W 5150 S,84405.0,417392.76822530595,4558095.523835567,100.0,AddressPoints.AddressGrid,"386 W 5150 S, OGDEN",386 west 5150 south,OGDEN,
F21-87804,248 N Playa Della Rosita,84780.0,276152.3267482406,4112770.686845022,100.0,AddressPoints.AddressGrid,"248 N PLAYA DELLA ROSITA, WASHINGTON",248 north playa della rosita,WASHINGTON,
F21-84400,317 E Main,84003.0,432933.27219680534,4469911.232464275,90.92,AddressPoints.AddressGrid,"317 E MAIN ST, AMERICAN FORK",317 east main,AMERICAN FORK,
F17-59795,12492 S Fort Street,84020.0,426758.1929088003,4486213.253865724,100.0,AddressPoints.AddressGrid,"12492 S FORT ST, SALT LAKE CITY",12492 south fort street,SALT LAKE CITY,
F13-36594,691 W 1200 N Ste 200,84663.0,446920.2110372565,4448289.541938919,100.0,AddressPoints.AddressGrid,"691 W 1200 N, SPRINGVILLE",691 west 1200 north,SPRINGVILLE,
F21-83440,910 E 100 N #215,84651.0,438811.8271169312,4432888.719898445,100.0,AddressPoints.AddressGrid,"910 E 100 N, PAYSON",910 east 100 north,PAYSON,
F10-28646,160 N 200 W,84737.0,296573.49642513704,4117182.335413847,100.0,AddressPoints.AddressGrid,"160 N 200 W, HURRICANE",160 north 200 west,HURRICANE,
F10-28889,925 E 740 N,84322.0,0,0,0,,,,,No address candidates found with a score of 70 or better.
F14-40446,5724 W 13400 S,84096.0,412968.53205601405,4484702.0418725405,100.0,AddressPoints.AddressGrid,"5724 W 13400 S, SALT LAKE CITY",5724 west 13400 south,SALT LAKE CITY,
F17-57798,60 W 800 S,84335.0,430710.0907195046,4630116.640975325,100.0,AddressPoints.AddressGrid,"60 W 800 S, SMITHFIELD",60 west 800 south,SMITHFIELD,
F17-57360,1220 23rd Street,84401.0,420607.0305563741,4564132.783790144,100.0,AddressPoints.AddressGrid,"1220 23RD ST, OGDEN","1220 23rd Street, 84401",OGDEN,
F10-13646,1650 E 3300 S,84109.0,428667.1172937503,4505762.4019099055,100.0,AddressPoints.AddressGrid,"1650 E 3300 S, SALT LAKE CITY",1650 east 3300 south,SALT LAKE CITY,
F10-3565,4626 South Redwood Road,84123.0,420589.4708780549,4502496.843258579,100.0,AddressPoints.AddressGrid,"4626 S REDWOOD RD, SALT LAKE CITY","4626 South Redwood Road, 84123",SALT LAKE CITY,
F10-9989,2182 North Hill Field Road Ste 4,84041.0,418326.20031243225,4549390.163523226,100.0,AddressPoints.AddressGrid,"2182 N HILL FIELD RD, LAYTON",2182 north hill field road,LAYTON,
F10-28837,8627 S Redwood Road,84084.0,420614.9528179854,4494187.400704812,100.0,AddressPoints.AddressGrid,"8627 S REDWOOD RD, SALT LAKE CITY",8627 south redwood road,SALT LAKE CITY,
F20-78080,3118 N 1200 W,84043.0,426334.4296914402,4475482.910781361,100.0,AddressPoints.AddressGrid,"3118 N 1200 W, LEHI",3118 north 1200 west,LEHI,
F10-8664,777 S 1300 E,84102.0,427977.0374552352,4511632.497987864,100.0,AddressPoints.AddressGrid,"777 S 1300 E, SALT LAKE CITY",777 south 1300 east,SALT LAKE CITY,
F10-4079,500 S Foothill Blvd,84148.0,429045.5692,4512195.853,100.0,USPS Delivery Points,VETERANS ADMINISTRATION HOSPITAL,500 south foothill boulevard,SALT LAKE CITY,
F19-75360,288 N 1460 W,84116.0,421245.5114451852,4514302.189010485,100.0,AddressPoints.AddressGrid,"288 N 1460 W, SALT LAKE CITY",288 north 1460 west,SALT LAKE CITY,
F10-27766,494 E 2700 S,84115.0,425915.46817073115,4507214.338685714,100.0,Centerlines.StatewideRoads,"494 E 2700 S, Salt Lake City",494 east 2700 south,Salt Lake City,
F13-34814,1248 South 300 East,84111.0,425475.5035339293,4510464.860192323,100.0,AddressPoints.AddressGrid,"1248 S 300 E, SALT LAKE CITY","1248 South 300 East, 84111",SALT LAKE CITY,
F19-75420,161 W 4500 S,84107.0,424284.9203300959,4502947.332262958,100.0,AddressPoints.AddressGrid,"161 W 4500 S, SALT LAKE CITY",161 west 4500 south,SALT LAKE CITY,
F20-80841,5272 W 3500 S,84120.0,414065.0225302921,4505598.179761457,100.0,AddressPoints.AddressGrid,"5272 W 3500 S, SALT LAKE CITY",5272 west 3500 south,SALT LAKE CITY,
F20-80020,139 S State Street,84042.0,439487.6412888761,4465141.630019435,100.0,AddressPoints.AddressGrid,"139 S STATE ST, LINDON",139 south state street,LINDON,
F10-16610,2647 North 1000 West,84404.0,416011.89049666194,4573221.722916568,100.0,AddressPoints.AddressGrid,"2647 N 1000 W, OGDEN","2647 North 1000 West, 84404",OGDEN,
F10-1500,65 East Center,84634.0,429440.5477314574,4334341.266598735,90.92,AddressPoints.AddressGrid,"65 E CENTER ST, GUNNISON","65 East Center, 84634",GUNNISON,
F22-88221,438 E 700 S,84015.0,414513.8908664412,4550726.614248067,100.0,AddressPoints.AddressGrid,"438 E 700 S, CLEARFIELD",438 east 700 south,CLEARFIELD,
F20-82700,4062 South 4000 West,84120.0,416575.44858461176,4504043.932740795,100.0,AddressPoints.AddressGrid,"4062 S 4000 W, SALT LAKE CITY","4062 South 4000 West, 84120",SALT LAKE CITY,
F19-69400,1755 W 7800 S,84088.0,420434.8869006873,4495791.651213772,100.0,AddressPoints.AddressGrid,"1755 W 7800 S, SALT LAKE CITY",1755 west 7800 south,SALT LAKE CITY,
F10-27901,205 N Tremont Street,84337.0,402962.64164221217,4618715.177878081,100.0,AddressPoints.AddressGrid,"205 N TREMONT ST, TREMONTON",205 north tremont street,TREMONTON,
F10-27326,12243 S 700 W,84020.0,422935.20814186026,4486800.661340891,100.0,AddressPoints.AddressGrid,"12243 S 700 W, SALT LAKE CITY",12243 south 700 west,SALT LAKE CITY,
F10-28416,4786 E 2600 N,84310.0,430244.46954762744,4572970.861830033,100.0,AddressPoints.AddressGrid,"4786 E 2600 N, OGDEN",4786 east 2600 north,OGDEN,
F21-87205,3639 W 2600 N,84404.0,410618.4168564698,4573040.733973188,100.0,AddressPoints.AddressGrid,"3639 W 2600 N, OGDEN",3639 west 2600 north,OGDEN,
F11-29803,985 E 10600 S ,84094.0,426944.8281596002,4490192.147962745,100.0,AddressPoints.AddressGrid,"985 E 10600 S, SALT LAKE CITY",985 east 10600 south,SALT LAKE CITY,
F19-68760,1505 W White Pine Canyon Road,84060.0,454611.9114281079,4503602.745585255,100.0,AddressPoints.AddressGrid,"1505 W WHITE PINE CANYON RD, PARK CITY",1505 west white pine canyon road,PARK CITY,
F21-83100,494 E 900 S,84790.0,271331.6820733297,4108041.2364119734,100.0,AddressPoints.AddressGrid,"494 E 900 S, ST GEORGE",494 east 900 south,ST GEORGE,
F17-58376,1266 E Washington Dam Road,84780.0,278956.7709611638,4110001.5705127167,100.0,AddressPoints.AddressGrid,"1266 E WASHINGTON DAM RD, WASHINGTON",1266 east washington dam road,WASHINGTON,
F20-82380,1160 W 12th Street,84409.0,415601.43742820097,4566429.1235456085,100.0,AddressPoints.AddressGrid,"1160 W 12TH ST, OGDEN",1160 west 12th street,OGDEN,
F17-59674,1920 W 250 N,84404.0,414000.53272402467,4568750.95888432,100.0,AddressPoints.AddressGrid,"1920 W 250 N, OGDEN",1920 west 250 north,OGDEN,
F16-50734,10504 South Redwood Rd,84095.0,420434.1385574822,4490395.322062523,100.0,AddressPoints.AddressGrid,"10504 S REDWOOD RD, SALT LAKE CITY",10504 south redwood road,SALT LAKE CITY,
F19-69860,1175 E 100 N,84651.0,439181.08247943403,4433033.882970686,100.0,AddressPoints.AddressGrid,"1175 E 100 N, PAYSON",1175 east 100 north,PAYSON,
F21-87060,39 N Professional Way,84651.0,439212.3592417705,4432860.103774976,100.0,AddressPoints.AddressGrid,"39 N PROFESSIONAL WAY, PAYSON",39 north professional way,PAYSON,
F10-3636,259 S 500 E,84102.0,426044.8405646195,4512860.017769789,100.0,AddressPoints.AddressGrid,"259 S 500 E, SALT LAKE CITY",259 south 500 east,SALT LAKE CITY,
F10-28085,544 S 400 E,84770.0,271108.86968199903,4108959.7943771677,100.0,AddressPoints.AddressGrid,"544 S 400 E, ST GEORGE",544 south 400 east,ST GEORGE,
F14-40314,9641 S 700 E,84070.0,426218.83015662595,4492092.162687982,100.0,AddressPoints.AddressGrid,"9641 S 700 E, SALT LAKE CITY",9641 south 700 east,SALT LAKE CITY,
F10-9501,2 North Medical Drive,84113.0,429140.88291040115,4513975.85253559,100.0,AddressPoints.AddressGrid,"2 N MEDICAL DR, SALT LAKE CITY","2 North Medical Drive, 84113",SALT LAKE CITY,
F19-72101,1760 S 1100 E,84105.0,427372.2076659426,4509358.604078195,100.0,AddressPoints.AddressGrid,"1760 S 1100 E, SALT LAKE CITY",1760 south 1100 east,SALT LAKE CITY,
F21-82941,9251 S Wrights Fort Road,84088.0,0,0,0,,,,,No address candidates found with a score of 70 or better.
F10-428,250 S 650 W,84511.0,633268.7276576518,4164929.4394742236,100.0,Centerlines.StatewideRoads,"250 S 650 W, Blanding",250 south 650 west,Blanding,
F10-27704,380 W 920 N,84057.0,440138.96127455955,4462904.5385994585,100.0,AddressPoints.AddressGrid,"380 W 920 N, OREM",380 west 920 north,OREM,
F10-26212,13279 S 2700 W,84065.0,418893.08238261763,4484805.657633484,100.0,AddressPoints.AddressGrid,"13279 S 2700 W, SALT LAKE CITY",13279 south 2700 west,SALT LAKE CITY,
F17-57435,5506 S 5900 W,84315.0,405814.1701694941,4557527.233687871,100.0,AddressPoints.AddressGrid,"5506 S 5900 W, OGDEN",5506 south 5900 west,OGDEN,
F10-2731,5227 W 4000 S,84315.0,407257.852392941,4560506.808647247,100.0,Centerlines.StatewideRoads,"5227 W 4000 S, Ogden",5227 west 4000 south,Ogden,
F10-3708,5670 S 4800 W,84118.0,414968.2853183548,4500187.437489043,100.0,Centerlines.StatewideRoads,"5670 S 4800 W, Salt Lake City",5670 south 4800 west,Salt Lake City,
F14-37635,754 N Redwood Road,84054.0,421674.46034200693,4523125.489432468,100.0,AddressPoints.AddressGrid,"754 N REDWOOD RD, NSL",754 north redwood road,NSL,
F10-3525,475 S Redwood Road,84104.0,420807.2524599391,4512445.821656338,100.0,AddressPoints.AddressGrid,"475 S REDWOOD RD, SALT LAKE CITY",475 south redwood road,SALT LAKE CITY,
F12-32434,351 S 100 W,84624.0,364132.29964025016,4356419.7321771225,100.0,AddressPoints.AddressGrid,"351 S 100 W, DELTA",351 south 100 west,DELTA,
F10-8081,150 North 1100 East,84003.0,434728.9650210621,4470222.171204672,100.0,Centerlines.StatewideRoads,"150 N 1100 E, American Fork","150 North 1100 East, 84003",American Fork,
F10-3602,615 S Fort Lane,84041.0,419552.8188433341,4544879.162679208,100.0,AddressPoints.AddressGrid,"615 S FORT LN, LAYTON",615 south fort lane,LAYTON,
F10-28093,5353 S 1950 W,84067.0,413817.6704000218,4557737.013532501,100.0,AddressPoints.AddressGrid,"5353 S 1950 W, OGDEN",5353 south 1950 west,OGDEN,
F19-71922,1755 N 200 E,84341.0,431081.4233793888,4623820.909817583,100.0,AddressPoints.AddressGrid,"1755 N 200 E, LOGAN",1755 north 200 east,LOGAN,
F20-77765,864 N 980 W,84057.0,438889.47005504265,4462768.558027237,100.0,AddressPoints.AddressGrid,"864 N 980 W, OREM",864 north 980 west,OREM,
F10-3589,9825 S 1300 E,84094.0,427868.22811464797,4491657.993794483,100.0,AddressPoints.AddressGrid,"9825 S 1300 E, SALT LAKE CITY",9825 south 1300 east,SALT LAKE CITY,
F10-4092,3818 W 4700 S,84129.0,416992.49966085574,4502383.00305864,100.0,AddressPoints.AddressGrid,"3818 W 4700 S, SALT LAKE CITY",3818 west 4700 south,SALT LAKE CITY,
F10-4237,475 W 260 N,84057.0,439864.2908697432,4461457.118800394,100.0,AddressPoints.AddressGrid,"475 W 260 N, OREM",475 west 260 north,OREM,
F21-87925,88 E 1000 N,84074.0,390281.29102920054,4489687.553498277,100.0,AddressPoints.AddressGrid,"88 E 1000 N, TOOELE",88 east 1000 north,TOOELE,
F10-27768,1835 N Aaron Drive,84074.0,390079.0992144817,4491073.649748998,100.0,AddressPoints.AddressGrid,"1835 N AARON DR, TOOELE",1835 north aaron drive,TOOELE,
F10-3823,199 Millpond,84074.0,390893.22263714153,4500281.187987741,90.92,AddressPoints.AddressGrid,"199 MILLPOND DR, TOOELE","199 Millpond, 84074",TOOELE,
F19-70065,70 N. State St.,84629.0,462316.7248452958,4386695.107820225,100.0,Centerlines.StatewideRoads,"70 N STATE ST, Fairview",70 north state street,Fairview,
F10-28770,3178 S Midland Drive,84401.0,414425.6777045589,4562264.445920618,100.0,Centerlines.StatewideRoads,"3178 S MIDLAND DR, Ogden",3178 south midland drive,Ogden,
F10-3617,3514 S 6000 W,84128.0,412561.049555403,4505547.572308545,100.0,AddressPoints.AddressGrid,"3514 S 6000 W, SALT LAKE CITY",3514 south 6000 west,SALT LAKE CITY,
F20-81522,445 N 700 W,84054.0,421733.1422577636,4522444.782002916,100.0,AddressPoints.AddressGrid,"445 N 700 W, NSL",445 north 700 west,NSL,
F15-44514,222 W Main Street,84029.0,375572.6112031995,4495474.48830444,100.0,AddressPoints.AddressGrid,"222 W MAIN ST, GRANTSVILLE",222 west main street,GRANTSVILLE,
F13-36697,4790 S Hanauer Street,84107.0,424743.2690646804,4502207.338480242,100.0,AddressPoints.AddressGrid,"4790 S HANAUER ST, SALT LAKE CITY",4790 south hanauer street,SALT LAKE CITY,
F20-79720,3586 Brinker Ave,84403.0,420358.3316658411,4561192.902112996,100.0,AddressPoints.AddressGrid,"3586 BRINKER AVE, OGDEN",3586 brinker avenue,OGDEN,
F14-37974,1109 N Washington Boulevard,84404.0,418809.1690396092,4570008.889746465,100.0,Centerlines.StatewideRoads,"1109 N WASHINGTON BLVD, Ogden",1109 north washington boulevard,Ogden,
F13-34654,525 E 2650 N,84414.0,419285.2398419406,4573287.692586995,100.0,AddressPoints.AddressGrid,"525 E 2650 N, OGDEN",525 east 2650 north,OGDEN,
F17-57916,677 E 12 Street,84404.0,0,0,0,,,,,No address candidates found with a score of 70 or better.
F19-70581,5686 South 2050 West,84067.0,413642.11815936805,4557017.774224611,100.0,Centerlines.StatewideRoads,"5686 S 2050 W, Ogden","5686 South 2050 West, 84067",Ogden,
F10-13325,12265 S 1190 E,84020.0,427484.1008303897,4486862.331400684,100.0,AddressPoints.AddressGrid,"12265 S 1190 E, SALT LAKE CITY",12265 south 1190 east,SALT LAKE CITY,
F10-27989,1208 N Shepard Creek Parkway,84025.0,423422.18094084365,4539180.1235211985,100.0,AddressPoints.AddressGrid,"1208 N SHEPARD CREEK PKWY, FARMINGTON",1208 north shepard creek parkway,FARMINGTON,
F10-3616,775 N  400 E,84054.0,423971.20346191723,4523096.53265711,100.0,AddressPoints.AddressGrid,"775 N 400 E, NSL",775 north 400 east,NSL,
F10-1148,765 E 1200 S,84097.0,442436.86689229135,4458576.429937314,100.0,AddressPoints.AddressGrid,"765 E 1200 S, OREM",765 east 1200 south,OREM,
F10-3660,9165 S 1300 E,84094.0,427830.3500454811,4493032.859510284,100.0,AddressPoints.AddressGrid,"9165 S 1300 E, SALT LAKE CITY",9165 south 1300 east,SALT LAKE CITY,
F19-70780,928 W 1800 N,84015.0,412320.6614383467,4554863.520882536,100.0,AddressPoints.AddressGrid,"928 W 1800 N, CLEARFIELD",928 west 1800 north,CLEARFIELD,
F21-87731,12 E 700 S,84770.0,270439.8995856446,4108649.6843973375,100.0,AddressPoints.AddressGrid,"12 E 700 S, ST GEORGE",12 east 700 south,ST GEORGE,
F10-3717,2105 Alta Canyon Drive,84093.0,429744.9693421516,4494140.399642085,100.0,AddressPoints.AddressGrid,"2105 ALTA CANYON DR, SALT LAKE CITY","2105 Alta Canyon Drive, 84093",SALT LAKE CITY,
F10-3889,6955 S 2300 E,84121.0,430275.70088158315,4497456.357920689,100.0,AddressPoints.AddressGrid,"6955 S 2300 E, SALT LAKE CITY",6955 south 2300 east,SALT LAKE CITY,
F10-3740,325 W 1550 N,84041.0,418318.9697411611,4548362.792251576,100.0,AddressPoints.AddressGrid,"325 W 1550 N, LAYTON",325 west 1550 north,LAYTON,
F10-4281,11347 S 1000 E,84094.0,426995.99247498915,4488673.950437059,100.0,AddressPoints.AddressGrid,"11347 S 1000 E, SALT LAKE CITY",11347 south 1000 east,SALT LAKE CITY,
F21-85600,289 N 500 W,84043.0,427205.2818684707,4471499.2638076255,100.0,AddressPoints.AddressGrid,"289 N 500 W, LEHI",289 north 500 west,LEHI,
F21-85601,1135 E 3200 N,84043.0,429449.751822804,4475636.733740509,100.0,AddressPoints.AddressGrid,"1135 E 3200 N, LEHI",1135 east 3200 north,LEHI,
F15-44455,575 Lockwood Drive,84404.0,419127.460744972,4570522.872994226,100.0,AddressPoints.AddressGrid,"575 LOCKWOOD DR, OGDEN","575 Lockwood Drive, 84404",OGDEN,
F10-3490,1636 N 1200 W,84041.0,417038.2183003391,4548603.45287822,100.0,Centerlines.StatewideRoads,"1636 N 1200 W, Layton",1636 north 1200 west,Layton,
F10-15890,120 E Altamira,84720.0,318374.6390282154,4170872.1777618392,90.92,Centerlines.StatewideRoads,"120 E ALTAMIRA DR, Cedar City",120 east altamira,Cedar City,
F10-15797,4540 S 900 E,84117.0,426789.8791189032,4502847.519706541,100.0,AddressPoints.AddressGrid,"4540 S 900 E, SALT LAKE CITY",4540 south 900 east,SALT LAKE CITY,
F10-15799,2857 W 7800 S,84088.0,418714.58164525614,4495822.774138455,100.0,AddressPoints.AddressGrid,"2857 W 7800 S, SALT LAKE CITY",2857 west 7800 south,SALT LAKE CITY,
F10-15796,3655 W 2340 S,84120.0,417369.0996934796,4508069.877768071,100.0,AddressPoints.AddressGrid,"3655 W 2340 S, SALT LAKE CITY",3655 west 2340 south,SALT LAKE CITY,
F18-66780,795 W Center St,84601.0,442791.48328092165,4453890.4815466935,100.0,AddressPoints.AddressGrid,"795 W CENTER ST, PROVO",795 west center street,PROVO,
F10-13336,1070 S Foothill Drive,84108.0,429811.77160013106,4510862.953012794,100.0,AddressPoints.AddressGrid,"1070 S FOOTHILL DR, SALT LAKE CITY",1070 south foothill drive,SALT LAKE CITY,
F11-29842,872 W 1600 S,84015.0,412419.8809822846,4549349.332542906,100.0,AddressPoints.AddressGrid,"872 W 1600 S, CLEARFIELD",872 west 1600 south,CLEARFIELD,
F18-60655,72 N Main,84335.0,430918.472858004,4632111.340641445,90.92,AddressPoints.AddressGrid,"72 N MAIN ST, SMITHFIELD",72 north main,SMITHFIELD,
F10-13224,653 E Simpson Avenue,84106.0,426277.7000318739,4508302.887933495,100.0,AddressPoints.AddressGrid,"653 E SIMPSON AVE, SALT LAKE CITY",653 east simpson avenue,SALT LAKE CITY,
F19-70560,4732 S 1950 W,84129.0,420244.54703143815,4502185.830632134,100.0,AddressPoints.AddressGrid,"4732 S 1950 W, SALT LAKE CITY",4732 south 1950 west,SALT LAKE CITY,
F17-59694,2233 Grant Ave,84401.0,418265.8577101948,4564339.672004255,100.0,AddressPoints.AddressGrid,"2233 GRANT AVE, OGDEN",2233 grant avenue,OGDEN,
F13-36816,4000 Canyons Resort Drive,84098.0,452989.12580309197,4504097.504188744,100.0,AddressPoints.AddressGrid,"4000 CANYONS RESORT DR, PARK CITY","4000 Canyons Resort Drive, 84098",PARK CITY,
F14-38814,225 West Apple Street,84029.0,375556.61194628966,4495076.403734386,100.0,AddressPoints.AddressGrid,"225 W APPLE ST, GRANTSVILLE","225 West Apple Street, 84029",GRANTSVILLE,
F10-26433,195 W 1100 S,84302.0,414947.39766395895,4593174.864199459,100.0,AddressPoints.AddressGrid,"195 W 1100 S, BRIGHAM CITY",195 west 1100 south,BRIGHAM CITY,
F20-82521,16 E 200 S,84535.0,645771.3521604296,4192647.3675149153,100.0,AddressPoints.AddressGrid,"16 E 200 S, MONTICELLO",16 east 200 south,MONTICELLO,
F10-27930,3879 W 7800 S,84088.0,416785.5508857698,4495830.057895559,100.0,AddressPoints.AddressGrid,"3879 W 7800 S, SALT LAKE CITY",3879 west 7800 south,SALT LAKE CITY,
F10-28217,425 S Vernal Avenue Building B,84078.0,624805.0345557684,4478683.63172737,100.0,Centerlines.StatewideRoads,"425 S VERNAL AVE, Vernal",425 south vernal avenue,Vernal,
F21-86080,1550 Digital Drive,84043.0,425873.72082837496,4474795.940959413,100.0,AddressPoints.AddressGrid,"1550 DIGITAL DR, LEHI","1550 Digital Drive, 84043",LEHI,
F18-65716,7351 S 900 E,84047.0,426783.08022898424,4496625.071061119,100.0,AddressPoints.AddressGrid,"7351 S 900 E, SALT LAKE CITY",7351 south 900 east,SALT LAKE CITY,
F21-86682,352 E State Rd.,84062.0,437569.7333067053,4467328.569270236,90.92,AddressPoints.AddressGrid,"352 E STATE ST, PLEASANT GROVE",352 east state road,PLEASANT GROVE,
F12-31215,188 E 300 S Ste C,84770.0,270762.4469799517,4109358.20949664,100.0,AddressPoints.AddressGrid,"188 E 300 S, ST GEORGE",188 east 300 south,ST GEORGE,
F17-57879,100 N 360 W,84713.0,355880.6341844816,4237694.234963674,100.0,AddressPoints.AddressGrid,"360 W 100 N, BEAVER",100 north 360 west,BEAVER,
F18-68100,2 E Center St,84751.0,324410.67111838626,4251770.812693588,100.0,Centerlines.StatewideRoads,"2 E CENTER ST, Milford",2 east center street,Milford,
F16-49715,130 N 200 E,84501.0,516566.34388444666,4383548.257039356,100.0,AddressPoints.AddressGrid,"130 N 200 E, PRICE",130 north 200 east,PRICE,
F19-75720,2975 S 500 E,84106.0,425945.8130689386,4506529.419521057,100.0,AddressPoints.AddressGrid,"2975 S 500 E, SALT LAKE CITY",2975 south 500 east,SALT LAKE CITY,
F12-32015,360 N 900 W,84078.0,623357.4032012827,4479952.829077812,100.0,AddressPoints.AddressGrid,"360 N 900 W, VERNAL",360 north 900 west,VERNAL,
F10-3925,186 East Whitlock Avenue,84115.0,425196.33931365097,4507621.263368179,100.0,AddressPoints.AddressGrid,"186 E WHITLOCK AVE, SALT LAKE CITY","186 East Whitlock Avenue, 84115",SALT LAKE CITY,
F11-30074,"835 N Main, Suite #1",84015.0,413844.2304148416,4553238.1208823,90.92,AddressPoints.AddressGrid,"835 N MAIN ST, CLEARFIELD",835 north main,CLEARFIELD,
F10-28653,259 2nd Street,84404.0,418440.6827983014,4567980.889534717,100.0,AddressPoints.AddressGrid,"259 2ND ST, OGDEN","259 2nd Street, 84404",OGDEN,
F20-78322,781 E Gordon,84041.0,420034.8207564391,4547570.142179803,90.92,AddressPoints.AddressGrid,"781 E GORDON AVE, LAYTON",781 east gordon,LAYTON,
F15-42335,240 E 1250 N,84341.0,431145.06946030486,4622794.981207821,100.0,AddressPoints.AddressGrid,"240 E 1250 N, LOGAN",240 east 1250 north,LOGAN,
F10-26965,3223 S Main,84321.0,430587.6273292102,4613948.6288463585,90.92,AddressPoints.AddressGrid,"3223 S MAIN ST, LOGAN",3223 south main,LOGAN,
F16-54714,380 W 1400 N,84341.0,429868.153200686,4623169.9016646445,100.0,AddressPoints.AddressGrid,"380 W 1400 N, LOGAN",380 west 1400 north,LOGAN,
F20-76760,1497 W 800 N,84664.0,449169.8897372084,4443160.322982766,100.0,AddressPoints.AddressGrid,"1497 W 800 N, MAPLETON",1497 west 800 north,MAPLETON,
F10-3718,10447 S 1585 W,84095.0,0,0,0,,,,,No address candidates found with a score of 70 or better.
F10-27056,4038 West 11800 South,84095.0,416397.6261372177,4487834.637631665,100.0,Centerlines.StatewideRoads,"4038 W 11800 S, Salt Lake City","4038 West 11800 South, 84095",Salt Lake City,
F21-88180,4716 S 200 W,84107.0,424173.96119467943,4502433.641455311,100.0,AddressPoints.AddressGrid,"4716 S 200 W, SALT LAKE CITY",4716 south 200 west,SALT LAKE CITY,
F10-3622,3270 S 8400 W,84044.0,407701.7909802273,4506051.413802925,100.0,AddressPoints.AddressGrid,"3270 S 8400 W, SALT LAKE CITY",3270 south 8400 west,SALT LAKE CITY,
F12-34034,730 E 4500 S,84107.0,426456.88767739024,4502918.159952345,100.0,AddressPoints.AddressGrid,"730 E 4500 S, SALT LAKE CITY",730 east 4500 south,SALT LAKE CITY,
F15-44174,11930 South Redwood Rd,84065.0,420463.6823961269,4487507.3714990355,100.0,AddressPoints.AddressGrid,"11930 S REDWOOD RD, SALT LAKE CITY",11930 south redwood road,SALT LAKE CITY,
F21-87869,1802 S Main St,84115.0,424721.899206634,4509294.1216339925,100.0,AddressPoints.AddressGrid,"1802 S MAIN ST, SALT LAKE CITY",1802 south main street,SALT LAKE CITY,
F14-37376,3909 Highland Drive,84124.0,428622.7369732823,4504341.773261125,100.0,AddressPoints.AddressGrid,"3909 HIGHLAND DR, SALT LAKE CITY","3909 Highland Drive, 84124",SALT LAKE CITY,
F10-3523,1045 East Country Hill Drive,84403.0,420012.7715476209,4560051.542018653,99.04,Centerlines.StatewideRoads,"1045 E COUNTRY HILLS DR, Ogden","1045 East Country Hill Drive, 84403",Ogden,
F10-3810,4405 South 1025 East,84124.0,427136.54937987187,4503212.071186287,100.0,AddressPoints.AddressGrid,"4405 S 1025 E, SALT LAKE CITY","4405 South 1025 East, 84124",SALT LAKE CITY,
F10-3679,244 E Myrtle Avenue,84107.0,425158.0889122,4501530.167805725,100.0,AddressPoints.AddressGrid,"244 E MYRTLE AVE, SALT LAKE CITY",244 east myrtle avenue,SALT LAKE CITY,
F10-3711,232 W 800 S,84101.0,424202.0792831553,4511644.569526016,100.0,AddressPoints.AddressGrid,"232 W 800 S, SALT LAKE CITY",232 west 800 south,SALT LAKE CITY,
F10-3691,2722 W 6620 S,84084.0,418968.0903798807,4498252.854308255,100.0,Centerlines.StatewideRoads,"2722 W 6620 S, Salt Lake City",2722 west 6620 south,Salt Lake City,
F19-72060,407 E 700 S,84302.0,415749.1669326991,4594320.591094432,100.0,AddressPoints.AddressGrid,"407 E 700 S, BRIGHAM CITY",407 east 700 south,BRIGHAM CITY,
F10-3722,1303 S 1100 E,84105.0,427447.6268182736,4510409.883711295,100.0,AddressPoints.AddressGrid,"1303 S 1100 E, SALT LAKE CITY",1303 south 1100 east,SALT LAKE CITY,
F10-3630,2806 East 3300 South,84109.0,431354.9096446525,4505728.7512131855,100.0,AddressPoints.AddressGrid,"2806 E 3300 S, SALT LAKE CITY","2806 East 3300 South, 84109",SALT LAKE CITY,
F11-30077,181 East 8960 South,84070.0,425128.45333496324,4493516.532822618,100.0,AddressPoints.AddressGrid,"181 E 8960 S, SALT LAKE CITY","181 East 8960 South, 84070",SALT LAKE CITY,
F10-3914,5875 S1300 E,84121.0,0,0,0,,,,,No address candidates found with a score of 70 or better.
F10-3906,2138 E 7000 S,84121.0,429825.22027553245,4497332.350834301,100.0,Centerlines.StatewideRoads,"2138 E 7000 S, Salt Lake City",2138 east 7000 south,Salt Lake City,
F10-13633,8285 S 700 E,84070.0,426256.3192156839,4494812.292293313,100.0,AddressPoints.AddressGrid,"8285 S 700 E, SALT LAKE CITY",8285 south 700 east,SALT LAKE CITY,
F14-37254,10469 River Heights Drive,84095.0,417738.53295259684,4490458.249442819,100.0,AddressPoints.AddressGrid,"10469 RIVER HEIGHTS DR, SALT LAKE CITY","10469 River Heights Drive, 84095",SALT LAKE CITY,
F10-28511,9538 S Redwood Rd,84095.0,420447.8406832835,4492326.1739019435,100.0,AddressPoints.AddressGrid,"9538 S REDWOOD RD, SALT LAKE CITY",9538 south redwood road,SALT LAKE CITY,
F10-6888,3280 E 3900 S,84124.0,432297.90995997714,4504281.797919009,100.0,AddressPoints.AddressGrid,"3280 E 3900 S, SALT LAKE CITY",3280 east 3900 south,SALT LAKE CITY,
F18-66016,1325 W South Jordan Parkway,84095.0,421281.1810860513,4490447.978960429,100.0,AddressPoints.AddressGrid,"1325 W SOUTH JORDAN PKWY, SALT LAKE CITY",1325 west south jordan parkway,SALT LAKE CITY,
F18-65255,570 S 200 W,84759.0,373293.09359966003,4186158.648103065,100.0,AddressPoints.AddressGrid,"570 S 200 W, PANGUITCH",570 south 200 west,PANGUITCH,
F10-3839,1050 W 500 S,84104.0,422235.28286124696,4512388.08295892,100.0,AddressPoints.AddressGrid,"1050 W 500 S, SALT LAKE CITY",1050 west 500 south,SALT LAKE CITY,
F20-81401,3270 W 800 S,84104.0,426626.7415027225,4505841.001570305,92.43,Centerlines.StatewideRoads,"3270 S 800 E, Salt Lake City",3270 west 800 south,Salt Lake City,
F19-72743,95 W 320 N,84037.0,421006.2360942143,4543728.555253959,100.0,Centerlines.StatewideRoads,"95 W 320 N, Kaysville",95 west 320 north,Kaysville,
F10-3846,1300 W 300 N,84116.0,421743.1174974498,4514289.2280638395,100.0,AddressPoints.AddressGrid,"1300 W 300 N, SALT LAKE CITY",1300 west 300 north,SALT LAKE CITY,
F21-85022,780 S 200 W,84075.0,412600.4349497703,4551605.82374916,92.43,Centerlines.StatewideRoads,"780 W 200 S, Clearfield",780 south 200 west,Clearfield,
F21-87820,1387 W 1800 N,84015.0,411663.06879450055,4554788.509549648,100.0,AddressPoints.AddressGrid,"1387 W 1800 N, CLEARFIELD",1387 west 1800 north,CLEARFIELD,
F16-52283,5971 S 1900 W,84067.0,413867.21159379825,4556480.5511819525,100.0,AddressPoints.AddressGrid,"5971 S 1900 W, OGDEN",5971 south 1900 west,OGDEN,
F10-28144,1830 W 12600 S,84065.0,420282.3600480723,4486342.1835816335,100.0,AddressPoints.AddressGrid,"1830 W 12600 S, SALT LAKE CITY",1830 west 12600 south,SALT LAKE CITY,
F16-47636,1850 Sidewinder Drive,84060.0,457955.4176929123,4501624.781615817,100.0,AddressPoints.AddressGrid,"1850 SIDEWINDER DR, PARK CITY","1850 Sidewinder Drive, 84060",PARK CITY,
F17-57698,1881 Prospector Ave,84060.0,457946.23434535775,4501363.4859028915,100.0,AddressPoints.AddressGrid,"1881 PROSPECTOR AVE, PARK CITY",1881 prospector avenue,PARK CITY,
F16-50356,581 N  Redwood Rd,84116.0,420721.94219606515,4515007.965306231,100.0,Centerlines.StatewideRoads,"581 N REDWOOD RD, Salt Lake City",581 north redwood road,Salt Lake City,
F20-77020,2830 W 4700 S,84129.0,418807.4473045196,4502346.287452382,100.0,AddressPoints.AddressGrid,"2830 W 4700 S, SALT LAKE CITY",2830 west 4700 south,SALT LAKE CITY,
F18-60235,4165 W 5345 S,84118.0,416310.19902515656,4500779.478374487,100.0,AddressPoints.AddressGrid,"4165 W 5345 S, SALT LAKE CITY",4165 west 5345 south,SALT LAKE CITY,
F17-56961,1401 Lowell Ave,84060.0,457059.70446782524,4500194.748927862,100.0,AddressPoints.AddressGrid,"1401 LOWELL AVE, PARK CITY",1401 lowell avenue,PARK CITY,
F10-27207,101 Cross Street,84041.0,418537.40785028803,4546028.871173112,100.0,Centerlines.StatewideRoads,"101 CROSS ST, Layton","101 Cross Street, 84041",Layton,
F13-35534,1525 N Main Street,84010.0,425780.56867702754,4528657.612179912,100.0,AddressPoints.AddressGrid,"1525 N MAIN ST, BOUNTIFUL",1525 north main street,BOUNTIFUL,
F18-60734,2425 Heritage Way,84109.0,430614.12945136614,4507099.621508451,100.0,AddressPoints.AddressGrid,"2425 HERITAGE WAY, SALT LAKE CITY","2425 Heritage Way, 84109",SALT LAKE CITY,
F18-66298,485 N Marketplace Drive,84014.0,425217.8107772628,4530511.104573801,100.0,Centerlines.StatewideRoads,"485 N MARKETPLACE DR, Centerville",485 north marketplace drive,Centerville,
F10-3485,655 36th Street,84403.0,419184.1678919045,4561133.233206179,100.0,AddressPoints.AddressGrid,"655 36TH ST, OGDEN","655 36th Street, 84403",OGDEN,
F10-3597,802 N 2200 W,84116.0,419613.22146721225,4515533.870016152,100.0,AddressPoints.AddressGrid,"802 N 2200 W, SALT LAKE CITY",802 north 2200 west,SALT LAKE CITY,
F19-69302,45 S 200 W,84654.0,425200.67542523774,4312361.150200834,100.0,AddressPoints.AddressGrid,"45 S 200 W, SALINA",45 south 200 west,SALINA,
F10-1209,1041 N 500 W,84604.0,443057.0588346679,4455460.297490672,100.0,AddressPoints.AddressGrid,"1041 N 500 W, PROVO",1041 north 500 west,PROVO,
F20-78580,1735 South Redwood Rd,84104.0,420739.7368326938,4509439.410467451,100.0,AddressPoints.AddressGrid,"1735 S REDWOOD RD, SALT LAKE CITY",1735 south redwood road,SALT LAKE CITY,
F21-87020,478 W 200 N,84010.0,424911.6872031547,4527113.468213013,100.0,AddressPoints.AddressGrid,"478 W 200 N, BOUNTIFUL",478 west 200 north,BOUNTIFUL,
F10-15363,215 S  300 E,84010.0,426417.04082992265,4526591.411266876,100.0,AddressPoints.AddressGrid,"215 S 300 E, BOUNTIFUL",215 south 300 east,BOUNTIFUL,
F10-3671,3844 S 1100 E,84106.0,427328.99675079994,4504459.901577151,100.0,AddressPoints.AddressGrid,"3844 S 1100 E, SALT LAKE CITY",3844 south 1100 east,SALT LAKE CITY,
F15-43154,2044 S Mesa Palms Drive,84770.0,268600.23738461896,4106179.0565131595,100.0,AddressPoints.AddressGrid,"2044 S MESA PALMS DR, ST GEORGE",2044 south mesa palms drive,ST GEORGE,
F17-56859,11477 S Redwood Rd,84095.0,420571.0302200591,4488420.897781635,100.0,AddressPoints.AddressGrid,"11477 S REDWOOD RD, SALT LAKE CITY",11477 south redwood road,SALT LAKE CITY,
F19-72228,5341 Highland Dr.,84117.0,429482.16774872335,4500652.218327371,100.0,AddressPoints.AddressGrid,"5341 HIGHLAND DR, SALT LAKE CITY",5341 highland drive,SALT LAKE CITY,
F17-59358,405 S Main Street,84111.0,424814.5189535492,4512535.352223828,100.0,AddressPoints.AddressGrid,"405 S MAIN ST, SALT LAKE CITY",405 south main street,SALT LAKE CITY,
F10-27070,91 N R Street,84103.0,427556.0906877819,4513746.092954117,100.0,AddressPoints.AddressGrid,"91 N R ST, SALT LAKE CITY",91 north r street,SALT LAKE CITY,
F20-82320,11748 S 3600 W,84095.0,417257.9501770037,4487922.550744399,100.0,AddressPoints.AddressGrid,"11748 S 3600 W, SALT LAKE CITY",11748 south 3600 west,SALT LAKE CITY,
F19-73380,5746 W 13400 S,84096.0,412916.89756931167,4484673.668525663,100.0,AddressPoints.AddressGrid,"5746 W 13400 S, SALT LAKE CITY",5746 west 13400 south,SALT LAKE CITY,
F10-28001,6729 West 7820 South,84088.0,411033.6969888861,4495870.32912602,100.0,AddressPoints.AddressGrid,"6729 W 7820 S, SALT LAKE CITY","6729 West 7820 South, 84088",SALT LAKE CITY,
F10-26968,131 W Woodrow Street,84107.0,424355.77784149494,4500697.359086062,100.0,AddressPoints.AddressGrid,"131 W WOODROW ST, SALT LAKE CITY",131 west woodrow street,SALT LAKE CITY,
F10-27674,7908 S Old Bingham Highway,84088.0,417869.4775561383,4495659.353502545,100.0,AddressPoints.AddressGrid,"7908 S OLD BINGHAM HWY, SALT LAKE CITY",7908 south old bingham highway,SALT LAKE CITY,
F10-26987,4130 S 3600 W,84119.0,417398.3770888585,4503823.639609489,100.0,AddressPoints.AddressGrid,"4130 S 3600 W, SALT LAKE CITY",4130 south 3600 west,SALT LAKE CITY,
F10-27827,2271 W 6200 S,84129.0,419682.53189594473,4499029.8978812,100.0,AddressPoints.AddressGrid,"2271 W 6200 S, SALT LAKE CITY",2271 west 6200 south,SALT LAKE CITY,
F14-40637,5000 W 5035 S,84118.0,414614.2577993991,4501441.999115468,100.0,AddressPoints.AddressGrid,"5000 W 5035 S, SALT LAKE CITY",5000 west 5035 south,SALT LAKE CITY,
F14-40638,4995 S Redwood Road,84123.0,420699.91349975776,4501492.211341679,100.0,AddressPoints.AddressGrid,"4995 S REDWOOD RD, SALT LAKE CITY",4995 south redwood road,SALT LAKE CITY,
F12-32714,6990 S 1300 W,84084.0,421396.92657806684,4497465.444938817,100.0,Centerlines.StatewideRoads,"6990 S 1300 W, Salt Lake City",6990 south 1300 west,Salt Lake City,
F10-26760,3868 S 200 E,84115.0,425159.9784725013,4504450.180188808,100.0,AddressPoints.AddressGrid,"3868 S 200 E, SALT LAKE CITY",3868 south 200 east,SALT LAKE CITY,
F18-65816,4050 S 2700 W,84119.0,419032.02821477526,4504046.34275582,100.0,Centerlines.StatewideRoads,"4050 S 2700 W, Salt Lake City",4050 south 2700 west,Salt Lake City,
F22-88231,805 E 700 S,84015.0,415149.4813657303,4550757.582252233,100.0,Centerlines.StatewideRoads,"805 E 700 S, Clearfield",805 east 700 south,Clearfield,
F20-79361,410 S Main Street,84058.0,440843.02902846044,4460126.908360903,100.0,AddressPoints.AddressGrid,"410 S MAIN ST, OREM",410 south main street,OREM,
F16-52139,845 N 400 E,84010.0,426468.5171478577,4527807.193657634,100.0,AddressPoints.AddressGrid,"845 N 400 E, BOUNTIFUL",845 north 400 east,BOUNTIFUL,
F20-76720,302 S 1100 W,84720.0,316836.81042881927,4172635.0984052406,92.43,Centerlines.StatewideRoads,"302 N 1100 W, Cedar City",302 south 1100 west,Cedar City,
F19-75721,481 S 400 E,84010.0,426518.76917016826,4526301.104645702,100.0,Centerlines.StatewideRoads,"481 S 400 E, Bountiful",481 south 400 east,Bountiful,
F20-77762,10866 S Redwood Rd,84095.0,420467.3019133703,4489653.372919168,100.0,AddressPoints.AddressGrid,"10866 S REDWOOD RD, SALT LAKE CITY",10866 south redwood road,SALT LAKE CITY,
F15-44515,2825 South 200 East,84115.0,425250.3286772599,4506907.702176038,100.0,AddressPoints.AddressGrid,"2825 S 200 E, SALT LAKE CITY","2825 South 200 East, 84115",SALT LAKE CITY,
F10-5798,475 E Herbert Ave,84111.0,425929.2011757203,4511001.560688968,100.0,AddressPoints.AddressGrid,"475 E HERBERT AVE, SALT LAKE CITY",475 east herbert avenue,SALT LAKE CITY,
F16-47856,4995 S Atwood Blvd,84107.0,425324.9387805916,4501710.432770784,100.0,AddressPoints.AddressGrid,"4995 S ATWOOD BLVD, SALT LAKE CITY",4995 south atwood boulevard,SALT LAKE CITY,
F20-78220,1432 S 1100 E,84105.0,427396.56696110417,4510085.719296825,100.0,AddressPoints.AddressGrid,"1432 S 1100 E, SALT LAKE CITY",1432 south 1100 east,SALT LAKE CITY,
F18-68380,8575 S 700 E,84070.0,426235.268714512,4494203.363505896,100.0,AddressPoints.AddressGrid,"8575 S 700 E, SALT LAKE CITY",8575 south 700 east,SALT LAKE CITY,
F13-37075,261 S 900 E,84102.0,427011.40899435733,4512869.459959959,100.0,AddressPoints.AddressGrid,"261 S 900 E, SALT LAKE CITY",261 south 900 east,SALT LAKE CITY,
F10-3633,1180 East 10600 South,84094.0,427445.7298323049,4490092.223086304,100.0,AddressPoints.AddressGrid,"1180 E 10600 S, SALT LAKE CITY","1180 East 10600 South, 84094",SALT LAKE CITY,
F20-82120,2285 S Main Street,84115.0,424782.72149399045,4508186.048669061,100.0,AddressPoints.AddressGrid,"2285 S MAIN ST, SALT LAKE CITY",2285 south main street,SALT LAKE CITY,
F20-79280,2285 S Main Street,84115.0,424782.72149399045,4508186.048669061,100.0,AddressPoints.AddressGrid,"2285 S MAIN ST, SALT LAKE CITY",2285 south main street,SALT LAKE CITY,
F10-8504,4439 S 700 W,84405.0,416467.86004944716,4559390.364215189,100.0,AddressPoints.AddressGrid,"4439 S 700 W, OGDEN",4439 south 700 west,OGDEN,
F10-9642,338 East 400 North,84648.0,428887.9501426522,4396355.07992316,100.0,AddressPoints.AddressGrid,"338 E 400 N, NEPHI","338 East 400 North, 84648",NEPHI,
F10-5688,650 N Vernal Ave,84078.0,624748.4270858665,4480421.388037268,100.0,Centerlines.StatewideRoads,"650 N VERNAL AVE, Vernal",650 north vernal avenue,Vernal,
F16-52035,220 South 700 East,84606.0,444973.3921789182,4453563.270351143,100.0,AddressPoints.AddressGrid,"220 S 700 E, PROVO","220 South 700 East, 84606",PROVO,
F11-29242,221 West 700 South,84032.0,464628.3319615049,4483187.3520703325,100.0,AddressPoints.AddressGrid,"221 W 700 S, HEBER CITY","221 West 700 South, 84032",HEBER CITY,
F20-78520,904 S State Street,84097.0,441448.57770245546,4459119.832306685,100.0,AddressPoints.AddressGrid,"904 S STATE ST, OREM",904 south state street,OREM,
F17-58044,3951 Adams Ave,84403.0,418787.25951715786,4560449.229773538,100.0,AddressPoints.AddressGrid,"3951 ADAMS AVE, OGDEN",3951 adams avenue,OGDEN,
F10-3773,43 S 200 W,84010.0,425417.2624045644,4526808.060561732,100.0,AddressPoints.AddressGrid,"43 S 200 W, BOUNTIFUL",43 south 200 west,BOUNTIFUL,
F10-27640,1323 E Gordon Avenue,84041.0,420965.3518829904,4547450.813947177,100.0,AddressPoints.AddressGrid,"1323 E GORDON AVE, LAYTON",1323 east gordon avenue,LAYTON,
F10-27588,7373 W 3500 S,84044.0,409849.90021707397,4505581.948596287,100.0,AddressPoints.AddressGrid,"7373 W 3500 S, SALT LAKE CITY",7373 west 3500 south,SALT LAKE CITY,
F10-28499,416 S Alpine Highway,84004.0,433915.21996507695,4477706.070992443,100.0,Centerlines.StatewideRoads,"416 S ALPINE HWY, Alpine",416 south alpine highway,Alpine,
F12-33034,4059 S 4000 W,84120.0,416662.14954175986,4504042.221966716,100.0,AddressPoints.AddressGrid,"4059 S 4000 W, SALT LAKE CITY",4059 south 4000 west,SALT LAKE CITY,
F15-45595,1765 W 2100 S,84401.0,414318.9614446211,4564639.932969697,100.0,AddressPoints.AddressGrid,"1765 W 2100 S, OGDEN",1765 west 2100 south,OGDEN,
F20-76761,309 S Main Street,84663.0,448041.2182236752,4445940.130661777,100.0,AddressPoints.AddressGrid,"309 S MAIN ST, SPRINGVILLE",309 south main street,SPRINGVILLE,
F21-83120,1082 E. Riverside Drive,84790.0,272512.8284029983,4107619.1288181418,100.0,AddressPoints.AddressGrid,"1082 E RIVERSIDE DR, ST GEORGE",1082 east riverside drive,ST GEORGE,
F10-4004,1035 W Indiana Avenue,84104.0,422202.4629274791,4511549.00006467,100.0,AddressPoints.AddressGrid,"1035 W INDIANA AVE, SALT LAKE CITY",1035 west indiana avenue,SALT LAKE CITY,
F10-28203,325 W 1700 S,84015.0,413341.42720221187,4549130.55097994,100.0,AddressPoints.AddressGrid,"325 W 1700 S, CLEARFIELD",325 west 1700 south,CLEARFIELD,
F10-1,Highland Dr.,84116.0,0,0,0,,,,,No address candidates found with a score of 70 or better.
F11-30249,288 N 1460 W,84106.0,421245.5114451852,4514302.189010485,100.0,AddressPoints.AddressGrid,"288 N 1460 W, SALT LAKE CITY",288 north 1460 west,SALT LAKE CITY,
F17-56916,848 W 1600 S,84015.0,412485.9885502316,4549355.9997045165,100.0,AddressPoints.AddressGrid,"848 W 1600 S, CLEARFIELD",848 west 1600 south,CLEARFIELD,
F19-69742,10 Pinebrook Road,84098.0,452009.3274498369,4511065.968687311,100.0,AddressPoints.AddressGrid,"10 PINEBROOK RD, PARK CITY","10 Pinebrook Road, 84098",PARK CITY,
F15-46316,1740 S 1100 E,84105.0,427377.3312641362,4509398.551559828,100.0,AddressPoints.AddressGrid,"1740 S 1100 E, SALT LAKE CITY",1740 south 1100 east,SALT LAKE CITY,
F10-11896,4579 S 1175 W,84123.0,421842.2799665648,4502604.102107549,100.0,AddressPoints.AddressGrid,"4579 S 1175 W, SALT LAKE CITY",4579 south 1175 west,SALT LAKE CITY,
F10-28506,1575 S State Street,84115.0,425075.0602812513,4509749.398148855,100.0,AddressPoints.AddressGrid,"1575 S STATE ST, SALT LAKE CITY",1575 south state street,SALT LAKE CITY,
F11-29462,440 N  900 W,84037.0,419537.5475563949,4543840.248468377,100.0,Centerlines.StatewideRoads,"440 N 900 W, Kaysville",440 north 900 west,Kaysville,
F18-68482,38 E 400 S,84010.0,425874.99613430013,4526371.67290944,100.0,Centerlines.StatewideRoads,"38 E 400 S, Bountiful",38 east 400 south,Bountiful,
F10-27908,350 N 400 E,84501.0,516883.1428519659,4383974.074521447,100.0,AddressPoints.AddressGrid,"350 N 400 E, PRICE",350 north 400 east,PRICE,
F11-30031,1100 Tuacahn Drive Ste 2B,84738.0,263970.50788889825,4119322.130286146,100.0,AddressPoints.AddressGrid,"1100 TUACAHN DR, IVINS",1100 tuacahn drive,IVINS,
F20-81500,1161 W 2320 S,84119.0,421805.84178427805,4508150.691297363,100.0,AddressPoints.AddressGrid,"1161 W 2320 S, SALT LAKE CITY",1161 west 2320 south,SALT LAKE CITY,
F21-86180,336 East 3900 South,84115.0,425507.87986722094,4504365.362961849,100.0,AddressPoints.AddressGrid,"336 E 3900 S, SALT LAKE CITY","336 East 3900 South, 84115",SALT LAKE CITY,
F10-4272,1601 University Village East,84108.0,0,0,0,,,,,No address candidates found with a score of 70 or better.
F10-28009,225 S 1400 E Room 120,84112.0,428246.79758960934,4512921.531917653,100.0,AddressPoints.AddressGrid,"225 S 1400 E, SALT LAKE CITY",225 south 1400 east,SALT LAKE CITY,
F17-57558,545 S Guardsman Way,84108.0,428811.07874815504,4512134.74295207,100.0,AddressPoints.AddressGrid,"545 S GUARDSMAN WAY, SALT LAKE CITY",545 south guardsman way,SALT LAKE CITY,
F10-13414,1140 S 400 W,84058.0,440061.7578502121,4458662.982642571,100.0,AddressPoints.AddressGrid,"1140 S 400 W, OREM",1140 south 400 west,OREM,
F21-84900,7305 Clear Meadow Way,84005.0,418697.4707417871,4467275.46401504,100.0,AddressPoints.AddressGrid,"7305 CLEAR MEADOW WAY, EAGLE MOUNTAIN","7305 Clear Meadow Way, 84005",EAGLE MOUNTAIN,
F21-87462,4998 Galleria Drive,84123.0,423581.1181082048,4501755.202331946,100.0,AddressPoints.AddressGrid,"4998 GALLERIA DR, SALT LAKE CITY","4998 Galleria Drive, 84123",SALT LAKE CITY,
F10-28515,585 39th Street,84403.0,419059.04774630524,4560489.030024911,100.0,AddressPoints.AddressGrid,"585 39TH ST, OGDEN","585 39th Street, 84403",OGDEN,
F11-30222,218 N Center St,84003.0,432254.2522467012,4470401.981137271,100.0,AddressPoints.AddressGrid,"218 N CENTER ST, AMERICAN FORK",218 north center street,AMERICAN FORK,
F20-80040,197 W. 500 S.,84321.0,430130.60192829045,4619299.312785896,100.0,AddressPoints.AddressGrid,"197 W 500 S, LOGAN",197 west 500 south,LOGAN,
F16-50696,7839 S Highland Dr,84121.0,429563.33046882617,4495601.280903921,100.0,AddressPoints.AddressGrid,"7839 S HIGHLAND DR, SALT LAKE CITY",7839 south highland drive,SALT LAKE CITY,
F10-16089,2309 E 9400 S,84093.0,430273.1887973002,4492376.2301467415,100.0,Centerlines.StatewideRoads,"2309 E 9400 S, Salt Lake City",2309 east 9400 south,Salt Lake City,
F10-3763,6120 S 2075 E,84121.0,429612.17884498986,4499110.553298085,100.0,AddressPoints.AddressGrid,"6120 S 2075 E, SALT LAKE CITY",6120 south 2075 east,SALT LAKE CITY,
F17-57754,45 E 500 N,84701.0,405830.9718646084,4292413.245679157,100.0,AddressPoints.AddressGrid,"45 E 500 N, RICHFIELD",45 east 500 north,RICHFIELD,
F19-70840,231 E 100 S,84111.0,425360.31700996496,4513320.95050429,100.0,AddressPoints.AddressGrid,"231 E 100 S, SALT LAKE CITY",231 east 100 south,SALT LAKE CITY,
F16-51695,1165 S 180 E,84606.0,444213.1708243033,4452209.889028631,100.0,AddressPoints.AddressGrid,"1165 S 180 E, PROVO",1165 south 180 east,PROVO,
F20-78460,1000 North State Street,84057.0,440342.2369968573,4463002.278834955,100.0,AddressPoints.AddressGrid,"1000 N STATE ST, OREM","1000 North State Street, 84057",OREM,
F16-49819,4223 S Atherton Drive,84123.0,420922.8526525557,4503570.055363626,100.0,Centerlines.StatewideRoads,"4223 S ATHERTON DR, Salt Lake City",4223 south atherton drive,Salt Lake City,
F10-10761,344 E 300 S,84111.0,425663.4468208855,4512771.152961659,100.0,AddressPoints.AddressGrid,"344 E 300 S, SALT LAKE CITY",344 east 300 south,SALT LAKE CITY,
F10-3835,347 West Center Street,84062.0,436671.41152944835,4468485.188857382,100.0,AddressPoints.AddressGrid,"347 W CENTER ST, PLEASANT GROVE","347 West Center Street, 84062",PLEASANT GROVE,
F16-47814,177 W 12300 S #107,84020.0,423998.97861081414,4486550.218415199,100.0,AddressPoints.AddressGrid,"177 W 12300 S, SALT LAKE CITY",177 west 12300 south,SALT LAKE CITY,
F19-73944,3535 S 3200 W,84119.0,418286.3021430353,4505445.624115758,100.0,AddressPoints.AddressGrid,"3535 S 3200 W, SALT LAKE CITY",3535 south 3200 west,SALT LAKE CITY,
